Product_Name,Category_Type,Sale_Price,Original_Price,Discount_Percentage,Rating,Review_Count,Stock_Status,Available_Colors,Tags
Lumin L-300 Power Bank,Powerbank,24999.0,45999.0,46.0,4.82,89.5,In Stock,"Orange, Black","powerbank, pre-order"
Core X 10000 Power Bank,Powerbank,9499.0,23999.0,60.0,5.0,1.0,In Stock,"Gray, Silver","powerbank, pre-order"
Glide Zbuds,Earbuds,8499.0,15999.0,47.0,4.82,89.5,In Stock,"Black, Blue, Green","earbuds, pre-order"
Pulse Pro 200 Power Bank,Powerbank,12999.0,24999.0,48.0,4.82,89.5,In Stock,Black,"powerbank, pre-order"
Regal AI Pro Smartwatch,Smart Watch,29999.0,39999.0,25.0,5.0,2.0,In Stock,"Black Gold, Brown Gold, Silver Black, Green Gold, Black Green","pre-order, smartwatch"
Arcade Nitro Zbuds,Earbuds,6499.0,14999.0,57.0,5.0,4.0,In Stock,"Neon White, Battle Green, Phantom Black","earbuds, pre-order"
Nexus Pro Zbuds,Earbuds,7999.0,24999.0,68.0,4.79,19.0,In Stock,"Lilac Purple, Jet Black, Milky White, Ice Blue, Forest Green","earbuds, pre-order"
Pakistan Edition Z BUDS,Earbuds,9999.0,9999.0,0.0,4.5,4.0,In Stock,Pak Edition Gift Box,pre-order
Voltix V-200 Power Bank,Powerbank,9499.0,22999.0,59.0,4.62,16.0,In Stock,"Black, Blue, Gradient Green","powerbank, pre-order"
Lumin L-200 Power Bank,Powerbank,8999.0,22999.0,61.0,4.5,2.0,In Stock,"Black, Dark Blue, Orange","powerbank, pre-order"
Lumin L-100 Power Bank,Powerbank,5999.0,18999.0,68.0,4.86,14.0,In Stock,"Orange, Black, Dark Blue","powerbank, pre-order"
Voltix V-100 Power Bank,Powerbank,5999.0,18999.0,68.0,4.77,30.0,In Stock,"Black, Gradient Blue, Silver","powerbank, pre-order"
Gravity Pro Earbuds,Earbuds,7999.0,24999.0,68.0,4.59,22.0,In Stock,"Glacier Blue, Graphite Black, Seafoam Green","earbuds, pre-order"
Wave ANC Zbuds,Earbuds,5999.0,24999.0,76.0,4.7,43.0,In Stock,"Lava Black, Moonstone Beige, Cloud Black",earbuds
Jewel Pro Smartwatch,Smart Watch,15999.0,27999.0,43.0,4.81,36.0,In Stock,"Silver Gold Ring, Purple Ring, Blue Ring","platinum series products, pre-order, smartwatch"
Klarity Zbuds,Earbuds,4999.0,13999.0,64.0,4.57,63.0,In Stock,"White Glassy, Red Glassy, Blue Glassy, Beige Glassy",earbuds
Halo Pro Headphones,Headphones,8999.0,22999.0,61.0,4.71,84.0,Out of Stock,"Rose gold, Black Gold, Matt Black, Army Green",earbuds
Open Zbuds,Earbuds,5999.0,14999.0,60.0,4.81,27.0,In Stock,"White Green, Black Orange",earbuds
Wave Elite Zbuds,Earbuds,4999.0,15000.0,67.0,4.71,229.0,Out of Stock,"Black Ruby, Creamy Beige, Rose gold, Blue Breeze, Green Envy",earbuds
Flow Zbuds,Earbuds,4999.0,24999.0,80.0,4.78,235.0,In Stock,"Flame Black, Black Gray, Pearl White, Blue Black, Green Black","10 10 Sale, compare, defence bestsellers, earbuds, Experience at Zero, flow, Hot deals, jinnah-sale, Vision 2026"
Luna Smartwatch,Smart Watch,5999.0,21999.0,73.0,4.85,2341.0,In Stock,"Black, Gray, Black Gold, Pink Gold, Blue, Sporty Gray Rings, Sporty Red Rings","10 10 Sale, 11 11 Pair One, 11 11 Pair Two, defence bestsellers, defence watches, Experience at Zero, Funday Sale, Hot deals, jinnah-sale, luna, Monsoon 1000, Monsoon 2000, Monsoon 500, sale, smart watch, smart watch price, smart watch price in pakistan, smartwatch, Summer 1000, Summer 2000, Summer 500"
Luna Pro,Smart Watch,6999.0,16999.0,59.0,4.76,265.0,In Stock,"Silver, Black","10 10 Sale, 11 11 Pair One, 11 11 Pair Two, compare, defence bestsellers, defence watches, Hot deals, jinnah-sale, lifestyle, Luna Pro, luxury, Monsoon 1000, Monsoon 2000, Monsoon 500, preorder, Productivity, smart watch, smart watch price, smart watch price in pakistan, smartwatch, Summer 1000, Summer 2000, Summer 500"
Thunder Pro Speaker,Speaker,39999.0,69999.0,43.0,4.96,28.0,In Stock,"Black, Camou Grey","10 10 Sale, Experience at Zero, extra-off, Hot deals, Speaker, thunder-pro"
Rover Elite Earbuds,Earbuds,4499.0,14999.0,70.0,4.68,114.0,In Stock,"Shadow Black, Moss Green, Ivory Beige, Arctic Sky","10 10 Sale, defence bestsellers, defence-earbuds, earbuds, Hot deals, jinnah-sale, sale"
Bolt Pro Smartwatch,Smart Watch,6999.0,19999.0,65.0,4.75,121.0,In Stock,"Jet Black, Vintage brown, Graphite Mauve, Midnight Blue, Pearl Grey","10 10 Sale, 11 11 Pair One, 11 11 Pair Two, bolt-pro, defence bestsellers, defence watches, Experience at Zero, Hot deals, Qube, sale, smart watch, smart watch price, smartwatch"
Qube Smartwatch,Smart Watch,6999.0,19999.0,65.0,4.61,234.0,In Stock,"Starlight Silver, Black, Gray Silver, Pink Rose","10 10 Sale, 11 11 Pair One, 11 11 Pair Two, defence bestsellers, defence watches, Experience at Zero, Hot deals, Qube, sale, smart watch, smart watch price, smartwatch"
Caliber Pro Smart Watch,Earbuds,6999.0,20499.0,66.0,4.74,215.0,Out of Stock,"Blue, GOLD BLACK, GOLDEN REDBERRY, JET BLACK, PINK ROSE, SILVER GREY",Unknown
Opal ANC Earbuds,Earbuds,6999.0,24999.0,72.0,4.76,38.0,In Stock,"Milky White, Black, Beige","10 10 Sale, compare, defence bestsellers, earbuds, Experience at Zero, extra-off, Hot deals, jinnah-sale, opal, Vision 2026"
Fusion Earbuds,Earbuds,5499.0,11999.0,54.0,4.86,65.0,In Stock,"Blue Black, Black, Red Black, Silver Black","10 10 Sale, defence bestsellers, defence-earbuds, earbuds, fusion, Hot deals, jinnah-sale, Vision 2026"
Bolt Smart Watch,Smart Watch,8999.0,8999.0,0.0,4.68,470.0,Out of Stock,"Pine Green, Vintage Brown, Midnight Blue, Graphite Mauve, Jet Black, Pearl Grey",Unknown
Navigator Smartwatch,Smart Watch,12999.0,32999.0,61.0,4.87,162.0,Out of Stock,"Black Red, Green, Camou Gray, Orange, Beige, Black","10 10 Sale, army, defence bestsellers, defence watches, Experience at Zero, Hot deals, jinnah-sale, lifestyle, navigator, platinum series products, Productivity, smart watch, smart watch price, smart watch price in pakistan, smartwatch, Vision 2026"
Aero Earbuds,Earbuds,3999.0,14999.0,73.0,4.77,439.0,In Stock,"Hyper Red, Jet Black, Space White, Aqua Green, Midnight Blue","10 10 Sale, defence bestsellers, defence-earbuds, earbuds, Hot deals, jinnah-sale, sale"
Terra Fit Smartwatch,Smart Watch,6499.0,21999.0,70.0,4.69,268.0,In Stock,"Rose Pink, Jet Black, Silver Grey, Red Berry, Midnight Blue, Olive Green","10 10 Sale, 11 11 Pair One, 11 11 Pair Two, compare, defence bestsellers, defence watches, jinnah-sale, lifestyle, smart watch, smart watch price, smart watch price in pakistan, smartwatch, terra"
Evo Earbuds,Earbuds,3799.0,14999.0,75.0,4.82,673.0,In Stock,"Jet Black, Ruby Red, Milky White, Midnight Blue, Forest Green","10 10 Sale, 11 11 Pair One, 11 11 Pair Two, compare, defence bestsellers, defence-earbuds, earbuds, Evo, Gaming Earbuds, Hot deals, jinnah-sale, Monsoon 1000, Monsoon 2000, Monsoon 500, Productivity, sale"
Visionary Smartwatch,Smart Watch,12999.0,32999.0,61.0,4.79,52.0,In Stock,"Starlight Silicone, Black Silicone, Brown Silicone, Rainbow, Olive Green Silicone, Blue Leather, Orange Silicone","10 10 Sale, defence bestsellers, Hot deals, jinnah-sale, platinum series products, sale, smart watch, smart watch price, smart watch price in pakistan, smartwatch, Vision 2026, visionary"
Zenith Headphones,Headphones,6999.0,16999.0,59.0,4.87,110.0,Out of Stock,"Carbon Black, Midnight Blue, Chocolate Brown","10 10 Sale, compare, defence bestsellers, defence watches, defence-earbuds, Experience at Zero, Hot deals, jinnah-sale, Monsoon 1000, Monsoon 2000, Monsoon 500, Productivity, Summer 1000, Summer 2000, Summer 500, zenith"
Nebula Earbuds,Earbuds,6999.0,12999.0,46.0,4.92,105.0,In Stock,"Royal Blue, Charcoal Black, Creamy Beige","10 10 Sale, defence-earbuds, earbuds, Hot deals, nebula, preorder, sale, Vision 2026"
Lunar 360 Smartwatch,Smart Watch,13999.0,29999.0,53.0,4.92,117.0,In Stock,"Blue Silicone, Black Gold Silicone, Blue Leather, Brown Leather, Green Leather, Grey Silver Silicone, Green Silicone, Black Silicone, Black Leather","10 10 Sale, defence bestsellers, defence watches, Experience at Zero, Hot deals, jinnah-sale, lifestyle, lunar, platinum series products, smart watch, smart watch price, smart watch price in pakistan, smartwatch, Vision 2026"
J-10C Earbuds,Earbuds,7999.0,11999.0,33.0,4.9,42.0,In Stock,"Forest Green, J-10 C Gift Box","10 10 Sale, defence bestsellers, defence-earbuds, earbuds, Hot deals, J-10C, pre-order"
Crystal Earbuds,Earbuds,4999.0,13999.0,64.0,4.73,91.0,In Stock,"Pure Black, Rich Brown, Aqua Blue, Midnight Coral","10 10 Sale, 11 11 Pair One, 11 11 Pair Two, compare, crystal, daraz, defence bestsellers, defence-earbuds, delivery, earbuds, Funday Sale, Gaming Earbuds, Hot deals, jinnah-sale, lifestyle, luxury, Monsoon 1000, Monsoon 2000, Monsoon 500, Productivity, sale"
Snap Zbuds,Earbuds,6999.0,14999.0,53.0,4.78,207.0,In Stock,"Lavender Haze, Cool Grey, Pearl White","10 10 Sale, daraz, defence bestsellers, defence watches, defence-earbuds, earbuds, Funday Sale, Gaming Earbuds, Hot deals, jinnah-sale, lifestyle, luxury, preorder, Productivity, snap"
Legacy Smartwatch,Smart Watch,17999.0,24999.0,28.0,4.9,83.0,In Stock,"Black Gold, Gold Black, Silver Blue","10 10 Sale, defence bestsellers, defence watches, Hot deals, jinnah-sale, legacy, lifestyle, luxury, platinum series products, pre-order, preorder, smart watch, smart watch price, smart watch price in pakistan, smartwatch, Vision 2026"
Vision Smartwatch,Smart Watch,9899.0,24999.0,60.0,4.81,52.0,In Stock,"Black, Gray Silver, Blue Silver, Black Gold, Beige Gold","Clearance, sale, smartwatch"
Arcade Beast,Earbuds,5499.0,11999.0,54.0,4.83,36.0,In Stock,"Stealth Black, Thunder Blue, Convert White, Gaming black","Arcade Series, beast, Clearance, defence-earbuds, earbuds, Gaming Earbuds, Hot deals"
Orbit 2 Smartwatch,Smart Watch,7499.0,22999.0,67.0,4.84,216.0,Out of Stock,"Gray Silver, Black, Coffee, Black Gold, Marsala Gold, Pink Golden","10 10 Sale, 11 11 Pair One, 11 11 Pair Two, defence bestsellers, defence watches, Funday Sale, Hot deals, lifestyle, limited, luxury, orbit-2, Productivity, sale, smart watch, smart watch price, smart watch price in pakistan, smartwatch"
Striker Earbuds,Earbuds,7999.0,13999.0,43.0,4.92,235.0,Out of Stock,"Gaming Black, Gaming Camou Beige, Jet Black, Camou Beige, Camou Gray, Gaming Camou Gray, Forest Green, Gaming-Forest Green","10 10 Sale, Arcade Series, army, Clearance, defence bestsellers, defence-earbuds, earbuds, Gaming Earbuds, Hot deals, pubg, Striker"
Storm Headphones,Headphones,6999.0,22999.0,70.0,4.86,310.0,In Stock,"Black, Midnight Blue, Blue, Red, Beige, White","10 10 Sale, 11 11 Pair One, 11 11 Pair Two, defence bestsellers, defence watches, defence-earbuds, earbuds, Experience at Zero, Funday Sale, Hot deals, jinnah-sale, Monsoon 1000, Monsoon 2000, Monsoon 500, storm, Summer 1000, Summer 2000, Summer 500"
Jewel Smartwatch,Smart Watch,12999.0,27000.0,52.0,4.89,151.0,In Stock,"Golden Milannese, Gold Metal, Silver Metal, Pink Leather, Pearl White Leather, Silver Milannese, Black Milannese, Black Metal","Hot deals, jewel, jinnah-sale, platinum series products, sale, smart watch, smart watch price, smart watch price in pakistan, smartwatch"
Vibe Earbuds,Earbuds,3999.0,14999.0,73.0,4.82,265.0,In Stock,"Jet Black, Pearl White, Storm Green, Midnight Blue","10 10 Sale, earbuds, Funday Sale, Hot deals, jinnah-sale, sale, vibe"
Edge Smartwatch,Smart Watch,6499.0,9999.0,35.0,4.74,253.0,In Stock,"Jet Black, Midnight Blue, Gray, Rose Pink, Red Berry","10 10 Sale, compare, defence bestsellers, defence watches, Edge, Hot deals, jinnah-sale, Monsoon 1000, Monsoon 2000, Monsoon 500, smart watch, smartwatch"
Flair Earbuds,Earbuds,4499.0,13999.0,68.0,4.82,440.0,Out of Stock,"Carbon Black, Calm Beige, Cool Blue, Forest Green","Clearance, defence bestsellers, defence watches, defence-earbuds, earbuds, flair, Hot deals, lifestyle, luxury, Productivity, sale"
Zero Armour Smartwatch,Smart Watch,8999.0,22449.0,60.0,4.83,376.0,In Stock,"Camou Grey, Blue, Jet Black, Teal Green, Misty Gray","armour, army, Clearance, Hot deals, smart watch, Smart Watch Price in Pakistan"
Ignite Smartwatch,Smart Watch,5999.0,21499.0,72.0,4.81,1314.0,In Stock,"Black Gold, Black, Blue, Grey, Green Gold, Red","10 10 Sale, defence bestsellers, defence watches, Experience at Zero, Funday Sale, Hot deals, ignite, jinnah-sale, limited, Monsoon 1000, sale"
Display Earbuds,Earbuds,9999.0,19999.0,50.0,4.93,88.0,In Stock,"Metallic Black, Metallic White, Metallic Blue, Metallic Green, Metallic Beige","10 10 Sale, 11 11 Pair One, 11 11 Pair Two, 3d, defence bestsellers, defence-earbuds, display, earbuds, Funday Sale, Gaming Earbuds, Hot deals, jinnah-sale, lifestyle, Monsoon 1000, Monsoon 2000, Monsoon 500, Productivity, sale, secret, Summer 1000, Summer 2000, Summer 500, Vision 2026, vision-2025"
Robo Earbuds,Earbuds,11999.0,29999.0,60.0,4.87,92.0,Out of Stock,"Milky White, Jet Black, Midnight Blue","Clearance, compare, defence bestsellers, defence-earbuds, earbuds, Hot deals, lifestyle, robo, sale, Vision 2026"
Orbit Smart Watch,Smart Watch,7999.0,12999.0,38.0,4.73,86.0,Out of Stock,"BLUE, GOLD BLACK, BLACK SPORTY RED RINGS, BLACK SPORTY GRAY RINGS","smart watch, smart watch price in pakistan, smartwatch"
Regal AI Smartwatch,Smart Watch,24999.0,39999.0,38.0,4.93,107.0,In Stock,"Copper Silver, Emerald Black, Racing Red Silver, Opium Black, Obsidian Gold, Rose Gold, Aqua Silver, Emerald Silver","Clearance, Hot deals, Influencer Video, lifestyle, luxury, Monsoon 1000, platinum series products, pre-order, smart watch, smart watch price, smart watch price in pakistan, smartwatch, vision-2025"
Icon Smartwatch,Smart Watch,6999.0,16999.0,59.0,4.81,197.0,In Stock,"Jet Black, Rose Pink, Space Blue, Red Berry, Silver Grey","10 10 Sale, Clearance, Hot deals, icon, sale"
Pulse Earbuds,Earbuds,4499.0,14999.0,70.0,4.72,50.0,Out of Stock,"Blue Coffee, Red Champagne, Ivory White, Warm Gray, Black Gray, Gray Black","earbuds, pulse"
Zero Aura Earbuds,Earbuds,3999.0,10999.0,64.0,4.89,549.0,In Stock,"Black, White, Blue, Green","10 10 Sale, defence bestsellers, defence-earbuds, earbuds, Funday Sale, Hot deals, sale"
Atom Pro Earbuds,Earbuds,4499.0,15999.0,72.0,4.77,77.0,Out of Stock,"Snow White, Jet Black, Space Blue, True Blue, True Purple","atom, earbuds, Hot deals, lifestyle, sale"
Jaguar Smart Watch,Smart Watch,7499.0,22999.0,67.0,4.71,48.0,In Stock,"Black Metal, Starlight Silver Metal, Blue Metal, Black Orange, Blue Orange, Gray Orange","Hot deals, Influencer Video, Jaguar, smart watch, smart watch price, smart watch price in pakistan, smartwatch"
Gravity Earbuds,Earbuds,3499.0,14999.0,77.0,4.82,5056.0,In Stock,"Midnight Blue, Carbon Black, Pearl Pink, Soft Lilac, Ice Blue, Olive Green","10 10 Sale, earbuds, Experience at Zero, gravity, Hot deals, jinnah-sale, sale"
Revoltt Pro Smartwatch,Smart Watch,14999.0,29999.0,50.0,4.87,139.0,In Stock,"Silver, Gun Metal, Blue, Champagne Gold","Hot deals, Influencer Video, jinnah-sale, pre-order, Revoltt-pro"
Wave Neo Earbuds,Earbuds,3999.0,14999.0,73.0,4.91,103.0,Out of Stock,"Black, Forest Green, Steel Gray, Lilac Purple","10 10 Sale, defence-earbuds, earbuds, Funday Sale, Hot deals, jinnah-sale, Monsoon 500, wave-neo"
Crown Smartwatch,Smart Watch,11999.0,29999.0,60.0,4.89,273.0,In Stock,"Brown Leather, Black Leather, Black Metal, Silver Metal","10 10 Sale, crown, defence bestsellers, defence watches, Hot deals, Influencer Video, jinnah-sale, lifestyle, smart watch, smart watch price in pakistan, smartwatch"
Drip Smartwatch,Smart Watch,7999.0,22499.0,64.0,4.76,17.0,In Stock,"Golden, Jet Black, Gray, Blue",smartwatch
Flex Smartwatch,Smart Watch,7999.0,16000.0,50.0,4.75,12.0,Out of Stock,"Red Gold, Black, Black Gold, Green Gold, Blue",Unknown
Zero Arcade 900,Earbuds,5999.0,17999.0,67.0,4.7,129.0,In Stock,"Black, White","Arcade Series, arcade-900, Clearance, defence-earbuds, earbuds, Gaming Earbuds, Hot deals, Influencer Video, jinnah-sale"
Glory Smartwatch,Smart Watch,7999.0,24999.0,68.0,4.82,71.0,Out of Stock,"Starlight, Gold, Gun Metal","defence bestsellers, defence watches, jinnah-sale, Monsoon 2000, smartwatch, Summer 1000"
Sigma Smartwatch,Smart Watch,7999.0,26000.0,69.0,4.92,24.0,In Stock,"Orange Titanium, Blue Black, Starlight Black, Starlight Titanium, Black Black","defence watches, Hot deals, platinum series products"
Zero Arcade 800,Earbuds,5499.0,17999.0,69.0,4.81,112.0,Out of Stock,"Black, White","Arcade Series, arcade-800, Clearance, defence-earbuds, earbuds, Gaming Earbuds, Hot deals, Influencer Video, jinnah-sale, secret, secret-500"
Rover Pro Earbuds,Earbuds,3999.0,14999.0,73.0,4.81,2912.0,In Stock,"Deep Purple, Matte Black, Calm White, Electric Blue, Serene Blue","10 10 Sale, 11 11 Pair One, delivery, earbuds, Experience at Zero, Hot deals, limited, Monsoon 500, rover-pro, sale"
Flash Earbuds,Earbuds,4499.0,13999.0,68.0,4.87,55.0,Out of Stock,"White, Black, Blue","10 10 Sale, defence bestsellers, earbuds, Funday Sale, Monsoon 500"
Wave Pro Earbuds,Earbuds,4999.0,14999.0,67.0,4.87,2762.0,In Stock,"Flame Orange Black, Ivory Gray, Lilic Gray, Forest Green, Silver Metal","10 10 Sale, defence-earbuds, earbuds, Experience at Zero, Funday Sale, Hot deals, Influencer Video, Monsoon 500, sale, wave-pro"
Z 811 Earbuds,Earbuds,4499.0,14999.0,70.0,4.88,298.0,Out of Stock,"White, Jet Black","10 10 Sale, defence-earbuds, delivery, earbuds, Hot deals, Influencer Video"
Carbon Earbuds,Earbuds,3499.0,14499.0,76.0,4.79,3399.0,In Stock,"Black, Dark Green, Light Gray","10 10 Sale, defence-earbuds, earbuds, Hot deals, jinnah-sale, limited, sale, Summer 500"
Wave Earbuds,Earbuds,3999.0,14999.0,73.0,4.83,1439.0,In Stock,"Blue, White, Brown, Silver Black","10 10 Sale, 11 11 Pair Two, earbuds, Funday Sale, Hot deals, Monsoon 500, sale, wave"
Ninja Smartwatch,Smart Watch,10999.0,32000.0,66.0,4.85,104.0,In Stock,"Camou Green, Camou Gray, Black, Green","10 10 Sale, Summer 2000"
Thunder Earbuds,Earbuds,4999.0,14999.0,67.0,4.6,5.0,Out of Stock,"Forest Green, Aqua Green, Jet Black, White","10 10 Sale, defence bestsellers, earbuds, Funday Sale"
Quantum Earbuds,Earbuds,5999.0,19999.0,70.0,4.86,794.0,In Stock,"Aurora Green, Blazing Red, Jet Black, Glacier Blue, Calm Beige","10 10 Sale, defence bestsellers, defence-earbuds, earbuds, Funday Sale, Hot deals, jinnah-sale, Monsoon 1000, sale, Summer 1000"
Revoltt Smartwatch,Smart Watch,11999.0,29999.0,60.0,4.84,373.0,Out of Stock,"Gun Metal, Silver, Gold, Blue","10 10 Sale, defence bestsellers, defence watches, Hot deals, luxury, Monsoon 2000, platinum series products, revoltt, sale, Summer 2000"
Elite Smartwatch,Smart Watch,11899.0,19999.0,41.0,4.9,148.0,In Stock,"Starlight, Rose Gold, Black","10 10 Sale, Clearance, defence watches, elite, platinum series products, pre-order, smart watch, smart watch price in pakistan"
Rover Earbuds,Earbuds,4499.0,14999.0,70.0,4.92,12.0,Out of Stock,"Forest Green, Aqua Green, White, Jet Black","10 10 Sale, earbuds, Funday Sale"
Phantom Pro Smartwatch,Smart Watch,9999.0,29998.0,67.0,4.95,20.0,Out of Stock,"Magnetic Blue Orange, Magnetic Marsala Orange, Ocean Blue Orange, Ocean Gray Orange, Gray Nylon, Magnetic Black, Ocean Black Orange, Green Nylon, Black Nylon","10 10 Sale, Hot deals, phantom, smart watch, smart watch price in pakistan, smartwatch"
Vogue Smartwatch,Smart Watch,17999.0,35999.0,50.0,4.9,49.0,In Stock,"Gold Blue, Black Gold, Black, Silver, Gold Black","10 10 Sale, defence watches, Hot deals, Influencer Video, luxury, Monsoon 2000, platinum series products, pre-order, premium-card, smartwatch"
Royale Smartwatch,Smart Watch,13999.0,32999.0,58.0,4.92,71.0,In Stock,"Titanium Silver, Golden Metal, Black Strap, Blue Strap, Black Metal","10 10 Sale, defence watches, Hot deals, Influencer Video, luxury, premium-card, royale, sale, smartwatch"
Nova Smartwatch,Smart Watch,6999.0,23499.0,70.0,4.83,84.0,Out of Stock,"Black, Golden, Blue, Nova Gray, Jet Black, Rainbow","10 10 Sale, Funday Sale"
Delta Smartwatch,Smart Watch,8999.0,29999.0,70.0,4.76,21.0,Out of Stock,"Black Gold, Masala Red, Gray Gun Metal","10 10 Sale, smartwatch"
Pixel Smartwatch,Smart Watch,7999.0,24999.0,68.0,4.96,27.0,Out of Stock,"Rainbow Gold, Golden, Silver, Black","10 10 Sale, luxury, smartwatch"
Infinity Smartwatch,Smart Watch,8999.0,23499.0,62.0,4.93,29.0,Out of Stock,"Rose Gold, Silver, Black","10 10 Sale, defence watches, Hot deals, smartwatch"
Astro Earbuds,Earbuds,4799.0,14999.0,68.0,5.0,38.0,Out of Stock,"Jet Black, Forest Green, Mauve, Calm Beige","10 10 Sale, defence bestsellers, earbuds"
Meta Smartwatch,Smart Watch,6999.0,19999.0,65.0,4.84,87.0,Out of Stock,"Black, Silver, Rose Gold","10 10 Sale, sale, smartwatch, Summer 500"
Matrix Pro AMOLED Smart Watch,Smart Watch,12999.0,29999.0,57.0,4.8,81.0,Out of Stock,"Forest Green, Gold, Misty Grey, Jet Black, Silver, Black",10 10 Sale
Drift Smart Watch,Smart Watch,12999.0,29000.0,55.0,4.64,59.0,Out of Stock,"Orange, Red, Blue, Blue Gold, Green Gold, Gold Black, Black","10 10 Sale, Summer 2000"
