Product_ID,Product_Name,Category_Type,Sale_Price,Original_Price,Discount_Percentage,Rating,Review_Count,Stock_Status,Available_Colors,Tags,Source_URL
10602954522902,Lumin L-300 Power Bank,Powerbank,"Rs.24,999","Rs.45,999",46% OFF,0,,In Stock,"Orange, Black","powerbank, pre-order",https://zerolifestyle.co/products/lumin-l-300-power-bank
10674292195606,Core X 10000 Power Bank,Powerbank,"Rs.9,499","Rs.23,999",60% OFF,5.0,1,In Stock,"Gray, Silver","powerbank, pre-order",https://zerolifestyle.co/products/core-x-power-bank
10692509368598,Glide Zbuds,Earbuds,"Rs.8,499","Rs.15,999",47% OFF,0,,In Stock,"Black, Blue, Green","earbuds, pre-order",https://zerolifestyle.co/products/glide-zbuds
10674295570710,Pulse Pro 200 Power Bank,Powerbank,"Rs.12,999","Rs.24,999",48% OFF,0,,In Stock,Black,"powerbank, pre-order",https://zerolifestyle.co/products/pulse-pro-power-bank
10552248467734,Regal AI Pro Smartwatch,Smart Watch,"Rs.29,999","Rs.39,999",25% OFF,5.0,2,In Stock,"Black Gold, Brown Gold, Silver Black, Green Gold, Black Green","pre-order, smartwatch",https://zerolifestyle.co/products/regal-ai-pro-smartwatch-1
10652905046294,Arcade Nitro Zbuds,Earbuds,"Rs.6,499","Rs.14,999",57% OFF,5.0,4,In Stock,"Neon White, Battle Green, Phantom Black","earbuds, pre-order",https://zerolifestyle.co/products/arcade-nitro-zbuds
10592265732374,Nexus Pro Zbuds,Earbuds,"Rs.7,999","Rs.24,999",68% OFF,4.79,19,In Stock,"Lilac Purple, Jet Black, Milky White, Ice Blue, Forest Green","earbuds, pre-order",https://zerolifestyle.co/products/nexus-pro-zbuds
10646462398742,Pakistan Edition Z BUDS,Earbuds,"Rs.9,999","Rs.9,999",0% OFF,4.5,4,In Stock,Pak Edition Gift Box,pre-order,https://zerolifestyle.co/products/pakistan-edition
10512973889814,Voltix V-200 Power Bank,Powerbank,"Rs.9,499","Rs.22,999",59% OFF,4.62,16,In Stock,"Black, Blue, Gradient Green","powerbank, pre-order",https://zerolifestyle.co/products/10000mah-power-bank
10601604350230,Lumin L-200 Power Bank,Powerbank,"Rs.8,999","Rs.22,999",61% OFF,4.5,2,In Stock,"Black, Dark Blue, Orange","powerbank, pre-order",https://zerolifestyle.co/products/lumin-l-200-power-bank
10601605792022,Lumin L-100 Power Bank,Powerbank,"Rs.5,999","Rs.18,999",68% OFF,4.86,14,In Stock,"Orange, Black, Dark Blue","powerbank, pre-order",https://zerolifestyle.co/products/lumin-l-100-power-bank
10601631285526,Voltix V-100 Power Bank,Powerbank,"Rs.5,999","Rs.18,999",68% OFF,4.77,30,In Stock,"Black, Gradient Blue, Silver","powerbank, pre-order",https://zerolifestyle.co/products/voltix-v-100-power-bank
10592245973270,Gravity Pro Earbuds,Earbuds,"Rs.7,999","Rs.24,999",68% OFF,4.59,22,In Stock,"Glacier Blue, Graphite Black, Seafoam Green","earbuds, pre-order",https://zerolifestyle.co/products/gravity-pro-earbuds
10567608107286,Wave ANC Zbuds,Earbuds,"Rs.5,999","Rs.24,999",76% OFF,4.7,43,In Stock,"Lava Black, Moonstone Beige, Cloud Black",earbuds,https://zerolifestyle.co/products/wave-anc-zbuds
10506946674966,Jewel Pro Smartwatch,Smart Watch,"Rs.15,999","Rs.27,999",43% OFF,4.81,36,In Stock,"Silver Gold Ring, Purple Ring, Blue Ring","platinum series products, pre-order, smartwatch",https://zerolifestyle.co/products/jewel-pro
10509634011414,Klarity Zbuds,Earbuds,"Rs.4,999","Rs.13,999",64% OFF,4.57,63,In Stock,"White Glassy, Red Glassy, Blue Glassy, Beige Glassy",earbuds,https://zerolifestyle.co/products/klarity-zbuds
10505570189590,Halo Pro Headphones,Headphones,"Rs.8,999","Rs.22,999",61% OFF,4.71,84,Out of Stock,"Rose gold, Black Gold, Matt Black, Army Green",earbuds,https://zerolifestyle.co/products/halo-pro
10505562194198,Open Zbuds,Earbuds,"Rs.5,999","Rs.14,999",60% OFF,4.81,27,In Stock,"White Green, Black Orange",earbuds,https://zerolifestyle.co/products/open-zbuds
10500398776598,Wave Elite Zbuds,Earbuds,"Rs.4,999","Rs.15,000",67% OFF,4.71,229,Out of Stock,"Black Ruby, Creamy Beige, Rose gold, Blue Breeze, Green Envy",earbuds,https://zerolifestyle.co/products/wave-elite
10476918538518,Flow Zbuds,Earbuds,"Rs.4,999","Rs.24,999",80% OFF,4.78,235,In Stock,"Flame Black, Black Gray, Pearl White, Blue Black, Green Black","10 10 Sale, compare, defence bestsellers, earbuds, Experience at Zero, flow, Hot deals, jinnah-sale, Vision 2026",https://zerolifestyle.co/products/flow-earbuds
8957936075030,Luna Smartwatch,Smart Watch,"Rs.5,999","Rs.21,999",73% OFF,4.85,2341,In Stock,"Black, Gray, Black Gold, Pink Gold, Blue, Sporty Gray Rings, Sporty Red Rings","10 10 Sale, 11 11 Pair One, 11 11 Pair Two, defence bestsellers, defence watches, Experience at Zero, Funday Sale, Hot deals, jinnah-sale, luna, Monsoon 1000, Monsoon 2000, Monsoon 500, sale, smart watch, smart watch price, smart watch price in pakistan, smartwatch, Summer 1000, Summer 2000, Summer 500",https://zerolifestyle.co/products/luna-smart-watch
10107920711958,Luna Pro,Smart Watch,"Rs.6,999","Rs.16,999",59% OFF,4.76,265,In Stock,"Silver, Black","10 10 Sale, 11 11 Pair One, 11 11 Pair Two, compare, defence bestsellers, defence watches, Hot deals, jinnah-sale, lifestyle, Luna Pro, luxury, Monsoon 1000, Monsoon 2000, Monsoon 500, preorder, Productivity, smart watch, smart watch price, smart watch price in pakistan, smartwatch, Summer 1000, Summer 2000, Summer 500",https://zerolifestyle.co/products/luna-pro
10398108582166,Thunder Pro Speaker,Speaker,"Rs.39,999","Rs.69,999",43% OFF,4.96,28,In Stock,"Black, Camou Grey","10 10 Sale, Experience at Zero, extra-off, Hot deals, Speaker, thunder-pro",https://zerolifestyle.co/products/thunder-speaker
10446838399254,Rover Elite Earbuds,Earbuds,"Rs.4,499","Rs.14,999",70% OFF,4.68,114,In Stock,"Shadow Black, Moss Green, Ivory Beige, Arctic Sky","10 10 Sale, defence bestsellers, defence-earbuds, earbuds, Hot deals, jinnah-sale, sale",https://zerolifestyle.co/products/rover-elite-earbuds
10421921513750,Bolt Pro Smartwatch,Smart Watch,"Rs.6,999","Rs.19,999",65% OFF,4.75,121,In Stock,"Jet Black, Vintage brown, Graphite Mauve, Midnight Blue, Pearl Grey","10 10 Sale, 11 11 Pair One, 11 11 Pair Two, bolt-pro, defence bestsellers, defence watches, Experience at Zero, Hot deals, Qube, sale, smart watch, smart watch price, smartwatch",https://zerolifestyle.co/products/bolt-pro
10418358845718,Qube Smartwatch,Smart Watch,"Rs.6,999","Rs.19,999",65% OFF,4.61,234,In Stock,"Starlight Silver, Black, Gray Silver, Pink Rose","10 10 Sale, 11 11 Pair One, 11 11 Pair Two, defence bestsellers, defence watches, Experience at Zero, Hot deals, Qube, sale, smart watch, smart watch price, smartwatch",https://zerolifestyle.co/products/qube-smartwatch
8316082684182,Caliber Pro Smart Watch,,"Rs.6,999","Rs.20,499",66% OFF,4.74,215,Out of Stock,"Blue, GOLD BLACK, GOLDEN REDBERRY, JET BLACK, PINK ROSE, SILVER GREY",,https://zerolifestyle.co/products/caliber-pro-smart-watch
10396744483094,Opal ANC Earbuds,Earbuds,"Rs.6,999","Rs.24,999",72% OFF,4.76,38,In Stock,"Milky White, Black, Beige","10 10 Sale, compare, defence bestsellers, earbuds, Experience at Zero, extra-off, Hot deals, jinnah-sale, opal, Vision 2026",https://zerolifestyle.co/products/opal-earbuds
10311576977686,Fusion Earbuds,Earbuds,"Rs.5,499","Rs.11,999",54% OFF,4.86,65,In Stock,"Blue Black, Black, Red Black, Silver Black","10 10 Sale, defence bestsellers, defence-earbuds, earbuds, fusion, Hot deals, jinnah-sale, Vision 2026",https://zerolifestyle.co/products/fusion-earbuds
8124633514262,Bolt Smart Watch,Smart Watch,"Rs.8,999","Rs.8,999",0% OFF,4.68,470,Out of Stock,"Pine Green, Vintage Brown, Midnight Blue, Graphite Mauve, Jet Black, Pearl Grey",,https://zerolifestyle.co/products/bolt-smart-watch
10302852333846,Navigator Smartwatch,Smart Watch,"Rs.12,999","Rs.32,999",61% OFF,4.87,162,Out of Stock,"Black Red, Green, Camou Gray, Orange, Beige, Black","10 10 Sale, army, defence bestsellers, defence watches, Experience at Zero, Hot deals, jinnah-sale, lifestyle, navigator, platinum series products, Productivity, smart watch, smart watch price, smart watch price in pakistan, smartwatch, Vision 2026",https://zerolifestyle.co/products/navigator-smartwatch
10273119535382,Aero Earbuds,Earbuds,"Rs.3,999","Rs.14,999",73% OFF,4.77,439,In Stock,"Hyper Red, Jet Black, Space White, Aqua Green, Midnight Blue","10 10 Sale, defence bestsellers, defence-earbuds, earbuds, Hot deals, jinnah-sale, sale",https://zerolifestyle.co/products/aero-earbuds
8244256112918,Terra Fit Smartwatch,Smart Watch,"Rs.6,499","Rs.21,999",70% OFF,4.69,268,In Stock,"Rose Pink, Jet Black, Silver Grey, Red Berry, Midnight Blue, Olive Green","10 10 Sale, 11 11 Pair One, 11 11 Pair Two, compare, defence bestsellers, defence watches, jinnah-sale, lifestyle, smart watch, smart watch price, smart watch price in pakistan, smartwatch, terra",https://zerolifestyle.co/products/terra-fit-smart-watch
10256587227414,Evo Earbuds,Earbuds,"Rs.3,799","Rs.14,999",75% OFF,4.82,673,In Stock,"Jet Black, Ruby Red, Milky White, Midnight Blue, Forest Green","10 10 Sale, 11 11 Pair One, 11 11 Pair Two, compare, defence bestsellers, defence-earbuds, earbuds, Evo, Gaming Earbuds, Hot deals, jinnah-sale, Monsoon 1000, Monsoon 2000, Monsoon 500, Productivity, sale",https://zerolifestyle.co/products/evo-earbuds
10234270712086,Visionary Smartwatch,Smart Watch,"Rs.12,999","Rs.32,999",61% OFF,4.79,52,In Stock,"Starlight Silicone, Black Silicone, Brown Silicone, Rainbow, Olive Green Silicone, Blue Leather, Orange Silicone","10 10 Sale, defence bestsellers, Hot deals, jinnah-sale, platinum series products, sale, smart watch, smart watch price, smart watch price in pakistan, smartwatch, Vision 2026, visionary",https://zerolifestyle.co/products/visionary-smartwatch
10224913252630,Zenith Headphones,Headphones,"Rs.6,999","Rs.16,999",59% OFF,4.87,110,Out of Stock,"Carbon Black, Midnight Blue, Chocolate Brown","10 10 Sale, compare, defence bestsellers, defence watches, defence-earbuds, Experience at Zero, Hot deals, jinnah-sale, Monsoon 1000, Monsoon 2000, Monsoon 500, Productivity, Summer 1000, Summer 2000, Summer 500, zenith",https://zerolifestyle.co/products/zenith-headphones
10202956103958,Nebula Earbuds,Earbuds,"Rs.6,999","Rs.12,999",46% OFF,4.92,105,In Stock,"Royal Blue, Charcoal Black, Creamy Beige","10 10 Sale, defence-earbuds, earbuds, Hot deals, nebula, preorder, sale, Vision 2026",https://zerolifestyle.co/products/nebula-earbuds
10142308434198,Lunar 360 Smartwatch,Smart Watch,"Rs.13,999","Rs.29,999",53% OFF,4.92,117,In Stock,"Blue Silicone, Black Gold Silicone, Blue Leather, Brown Leather, Green Leather, Grey Silver Silicone, Green Silicone, Black Silicone, Black Leather","10 10 Sale, defence bestsellers, defence watches, Experience at Zero, Hot deals, jinnah-sale, lifestyle, lunar, platinum series products, smart watch, smart watch price, smart watch price in pakistan, smartwatch, Vision 2026",https://zerolifestyle.co/products/lunar-360-smartwatch
10112858161430,J-10C Earbuds,Earbuds,"Rs.7,999","Rs.11,999",33% OFF,4.9,42,In Stock,"Forest Green, J-10 C Gift Box","10 10 Sale, defence bestsellers, defence-earbuds, earbuds, Hot deals, J-10C, pre-order",https://zerolifestyle.co/products/j-10c-earbuds
10107922612502,Crystal Earbuds,Earbuds,"Rs.4,999","Rs.13,999",64% OFF,4.73,91,In Stock,"Pure Black, Rich Brown, Aqua Blue, Midnight Coral","10 10 Sale, 11 11 Pair One, 11 11 Pair Two, compare, crystal, daraz, defence bestsellers, defence-earbuds, delivery, earbuds, Funday Sale, Gaming Earbuds, Hot deals, jinnah-sale, lifestyle, luxury, Monsoon 1000, Monsoon 2000, Monsoon 500, Productivity, sale",https://zerolifestyle.co/products/crystal-earbuds
10107161510166,Snap Zbuds,Earbuds,"Rs.6,999","Rs.14,999",53% OFF,4.78,207,In Stock,"Lavender Haze, Cool Grey, Pearl White","10 10 Sale, daraz, defence bestsellers, defence watches, defence-earbuds, earbuds, Funday Sale, Gaming Earbuds, Hot deals, jinnah-sale, lifestyle, luxury, preorder, Productivity, snap",https://zerolifestyle.co/products/snap-zbuds
10063563882774,Legacy Smartwatch,Smart Watch,"Rs.17,999","Rs.24,999",28% OFF,4.9,83,In Stock,"Black Gold, Gold Black, Silver Blue","10 10 Sale, defence bestsellers, defence watches, Hot deals, jinnah-sale, legacy, lifestyle, luxury, platinum series products, pre-order, preorder, smart watch, smart watch price, smart watch price in pakistan, smartwatch, Vision 2026",https://zerolifestyle.co/products/legacy-smartwatch
9406685085974,Vision Smartwatch,Smart Watch,"Rs.9,899","Rs.24,999",60% OFF,4.81,52,In Stock,"Black, Gray Silver, Blue Silver, Black Gold, Beige Gold","Clearance, sale, smartwatch",https://zerolifestyle.co/products/vision-smartwatch
10029347143958,Arcade Beast,Earbuds,"Rs.5,499","Rs.11,999",54% OFF,4.83,36,In Stock,"Stealth Black, Thunder Blue, Convert White, Gaming black","Arcade Series, beast, Clearance, defence-earbuds, earbuds, Gaming Earbuds, Hot deals",https://zerolifestyle.co/products/arcade-beast
9985435992342,Orbit 2 Smartwatch,Smart Watch,"Rs.7,499","Rs.22,999",67% OFF,4.84,216,Out of Stock,"Gray Silver, Black, Coffee, Black Gold, Marsala Gold, Pink Golden","10 10 Sale, 11 11 Pair One, 11 11 Pair Two, defence bestsellers, defence watches, Funday Sale, Hot deals, lifestyle, limited, luxury, orbit-2, Productivity, sale, smart watch, smart watch price, smart watch price in pakistan, smartwatch",https://zerolifestyle.co/products/orbit-2
9982571938070,Striker Earbuds,Earbuds,"Rs.7,999","Rs.13,999",43% OFF,4.92,235,Out of Stock,"Gaming Black, Gaming Camou Beige, Jet Black, Camou Beige, Camou Gray, Gaming Camou Gray, Forest Green, Gaming-Forest Green","10 10 Sale, Arcade Series, army, Clearance, defence bestsellers, defence-earbuds, earbuds, Gaming Earbuds, Hot deals, pubg, Striker",https://zerolifestyle.co/products/striker-earbuds
9971379798294,Storm Headphones,Headphones,"Rs.6,999","Rs.22,999",70% OFF,4.86,310,In Stock,"Black, Midnight Blue, Blue, Red, Beige, White","10 10 Sale, 11 11 Pair One, 11 11 Pair Two, defence bestsellers, defence watches, defence-earbuds, earbuds, Experience at Zero, Funday Sale, Hot deals, jinnah-sale, Monsoon 1000, Monsoon 2000, Monsoon 500, storm, Summer 1000, Summer 2000, Summer 500",https://zerolifestyle.co/products/storm
9923380248854,Jewel Smartwatch,Smart Watch,"Rs.12,999","Rs.27,000",52% OFF,4.89,151,In Stock,"Golden Milannese, Gold Metal, Silver Metal, Pink Leather, Pearl White Leather, Silver Milannese, Black Milannese, Black Metal","Hot deals, jewel, jinnah-sale, platinum series products, sale, smart watch, smart watch price, smart watch price in pakistan, smartwatch",https://zerolifestyle.co/products/jewel-smartwatch
9813766734102,Vibe Earbuds,Earbuds,"Rs.3,999","Rs.14,999",73% OFF,4.82,265,In Stock,"Jet Black, Pearl White, Storm Green, Midnight Blue","10 10 Sale, earbuds, Funday Sale, Hot deals, jinnah-sale, sale, vibe",https://zerolifestyle.co/products/vibe-earbuds
9908486340886,Edge Smartwatch,Smart Watch,"Rs.6,499","Rs.9,999",35% OFF,4.74,253,In Stock,"Jet Black, Midnight Blue, Gray, Rose Pink, Red Berry","10 10 Sale, compare, defence bestsellers, defence watches, Edge, Hot deals, jinnah-sale, Monsoon 1000, Monsoon 2000, Monsoon 500, smart watch, smartwatch",https://zerolifestyle.co/products/edge-smartwatch
9891889545494,Flair Earbuds,Earbuds,"Rs.4,499","Rs.13,999",68% OFF,4.82,440,Out of Stock,"Carbon Black, Calm Beige, Cool Blue, Forest Green","Clearance, defence bestsellers, defence watches, defence-earbuds, earbuds, flair, Hot deals, lifestyle, luxury, Productivity, sale",https://zerolifestyle.co/products/flair-earbuds
8405397930262,Zero Armour Smartwatch,Smart Watch,"Rs.8,999","Rs.22,449",60% OFF,4.83,376,In Stock,"Camou Grey, Blue, Jet Black, Teal Green, Misty Gray","armour, army, Clearance, Hot deals, smart watch, Smart Watch Price in Pakistan",https://zerolifestyle.co/products/armour-smart-watch
8791410999574,Ignite Smartwatch,Smart Watch,"Rs.5,999","Rs.21,499",72% OFF,4.81,1314,In Stock,"Black Gold, Black, Blue, Grey, Green Gold, Red","10 10 Sale, defence bestsellers, defence watches, Experience at Zero, Funday Sale, Hot deals, ignite, jinnah-sale, limited, Monsoon 1000, sale",https://zerolifestyle.co/products/ignite-smart-watch
9881070371094,Display Earbuds,Earbuds,"Rs.9,999","Rs.19,999",50% OFF,4.93,88,In Stock,"Metallic Black, Metallic White, Metallic Blue, Metallic Green, Metallic Beige","10 10 Sale, 11 11 Pair One, 11 11 Pair Two, 3d, defence bestsellers, defence-earbuds, display, earbuds, Funday Sale, Gaming Earbuds, Hot deals, jinnah-sale, lifestyle, Monsoon 1000, Monsoon 2000, Monsoon 500, Productivity, sale, secret, Summer 1000, Summer 2000, Summer 500, Vision 2026, vision-2025",https://zerolifestyle.co/products/display-earbuds
9859372548374,Robo Earbuds,Earbuds,"Rs.11,999","Rs.29,999",60% OFF,4.87,92,Out of Stock,"Milky White, Jet Black, Midnight Blue","Clearance, compare, defence bestsellers, defence-earbuds, earbuds, Hot deals, lifestyle, robo, sale, Vision 2026",https://zerolifestyle.co/products/robo-earbuds
8415419662614,Orbit Smart Watch,Smart Watch,"Rs.7,999","Rs.12,999",38% OFF,4.73,86,Out of Stock,"BLUE, GOLD BLACK, BLACK SPORTY RED RINGS, BLACK SPORTY GRAY RINGS","smart watch, smart watch price in pakistan, smartwatch",https://zerolifestyle.co/products/orbit-smart-watch
9848099242262,Regal AI Smartwatch,Smart Watch,"Rs.24,999","Rs.39,999",38% OFF,4.93,107,In Stock,"Copper Silver, Emerald Black, Racing Red Silver, Opium Black, Obsidian Gold, Rose Gold, Aqua Silver, Emerald Silver","Clearance, Hot deals, Influencer Video, lifestyle, luxury, Monsoon 1000, platinum series products, pre-order, smart watch, smart watch price, smart watch price in pakistan, smartwatch, vision-2025",https://zerolifestyle.co/products/regal-smartwatch
9844188021014,Icon Smartwatch,Smart Watch,"Rs.6,999","Rs.16,999",59% OFF,4.81,197,In Stock,"Jet Black, Rose Pink, Space Blue, Red Berry, Silver Grey","10 10 Sale, Clearance, Hot deals, icon, sale",https://zerolifestyle.co/products/icon-smartwatch
9145872711958,Pulse Earbuds,Earbuds,"Rs.4,499","Rs.14,999",70% OFF,4.72,50,Out of Stock,"Blue Coffee, Red Champagne, Ivory White, Warm Gray, Black Gray, Gray Black","earbuds, pulse",https://zerolifestyle.co/products/pulse-earbuds
9202428248342,Zero Aura Earbuds,Earbuds,"Rs.3,999","Rs.10,999",64% OFF,4.89,549,In Stock,"Black, White, Blue, Green","10 10 Sale, defence bestsellers, defence-earbuds, earbuds, Funday Sale, Hot deals, sale",https://zerolifestyle.co/products/aura-earbuds
9838761443606,Atom Pro Earbuds,Earbuds,"Rs.4,499","Rs.15,999",72% OFF,4.77,77,Out of Stock,"Snow White, Jet Black, Space Blue, True Blue, True Purple","atom, earbuds, Hot deals, lifestyle, sale",https://zerolifestyle.co/products/atom-pro
9830417006870,Jaguar Smart Watch,Smart Watch,"Rs.7,499","Rs.22,999",67% OFF,4.71,48,In Stock,"Black Metal, Starlight Silver Metal, Blue Metal, Black Orange, Blue Orange, Gray Orange","Hot deals, Influencer Video, Jaguar, smart watch, smart watch price, smart watch price in pakistan, smartwatch",https://zerolifestyle.co/products/jaguar
9549377995030,Gravity Earbuds,Earbuds,"Rs.3,499","Rs.14,999",77% OFF,4.82,5056,In Stock,"Midnight Blue, Carbon Black, Pearl Pink, Soft Lilac, Ice Blue, Olive Green","10 10 Sale, earbuds, Experience at Zero, gravity, Hot deals, jinnah-sale, sale",https://zerolifestyle.co/products/gravity
9805362594070,Revoltt Pro Smartwatch,Smart Watch,"Rs.14,999","Rs.29,999",50% OFF,4.87,139,In Stock,"Silver, Gun Metal, Blue, Champagne Gold","Hot deals, Influencer Video, jinnah-sale, pre-order, Revoltt-pro",https://zerolifestyle.co/products/revoltt-pro-smartwatch
9793242104086,Wave Neo Earbuds,Earbuds,"Rs.3,999","Rs.14,999",73% OFF,4.91,103,Out of Stock,"Black, Forest Green, Steel Gray, Lilac Purple","10 10 Sale, defence-earbuds, earbuds, Funday Sale, Hot deals, jinnah-sale, Monsoon 500, wave-neo",https://zerolifestyle.co/products/wave-neo-earbuds
9783077110038,Crown Smartwatch,Smart Watch,"Rs.11,999","Rs.29,999",60% OFF,4.89,273,In Stock,"Brown Leather, Black Leather, Black Metal, Silver Metal","10 10 Sale, crown, defence bestsellers, defence watches, Hot deals, Influencer Video, jinnah-sale, lifestyle, smart watch, smart watch price in pakistan, smartwatch",https://zerolifestyle.co/products/crown-smartwatch
9386465034518,Drip Smartwatch,Smart Watch,"Rs.7,999","Rs.22,499",64% OFF,4.76,17,In Stock,"Golden, Jet Black, Gray, Blue",smartwatch,https://zerolifestyle.co/products/drip
9111375806742,Flex Smartwatch,Smart Watch,"Rs.7,999","Rs.16,000",50% OFF,4.75,12,Out of Stock,"Red Gold, Black, Black Gold, Green Gold, Blue",,https://zerolifestyle.co/products/flex-smart-watch
9768381088022,Zero Arcade 900,Earbuds,"Rs.5,999","Rs.17,999",67% OFF,4.7,129,In Stock,"Black, White","Arcade Series, arcade-900, Clearance, defence-earbuds, earbuds, Gaming Earbuds, Hot deals, Influencer Video, jinnah-sale",https://zerolifestyle.co/products/arcade-900
9584716906774,Glory Smartwatch,Smart Watch,"Rs.7,999","Rs.24,999",68% OFF,4.82,71,Out of Stock,"Starlight, Gold, Gun Metal","defence bestsellers, defence watches, jinnah-sale, Monsoon 2000, smartwatch, Summer 1000",https://zerolifestyle.co/products/glory-smartwatch
9584660545814,Sigma Smartwatch,Smart Watch,"Rs.7,999","Rs.26,000",69% OFF,4.92,24,In Stock,"Orange Titanium, Blue Black, Starlight Black, Starlight Titanium, Black Black","defence watches, Hot deals, platinum series products",https://zerolifestyle.co/products/sigma-smartwatch
9759235244310,Zero Arcade 800,Earbuds,"Rs.5,499","Rs.17,999",69% OFF,4.81,112,Out of Stock,"Black, White","Arcade Series, arcade-800, Clearance, defence-earbuds, earbuds, Gaming Earbuds, Hot deals, Influencer Video, jinnah-sale, secret, secret-500",https://zerolifestyle.co/products/arcade-800
9470630527254,Rover Pro Earbuds,Earbuds,"Rs.3,999","Rs.14,999",73% OFF,4.81,2912,In Stock,"Deep Purple, Matte Black, Calm White, Electric Blue, Serene Blue","10 10 Sale, 11 11 Pair One, delivery, earbuds, Experience at Zero, Hot deals, limited, Monsoon 500, rover-pro, sale",https://zerolifestyle.co/products/rover-pro
9572745216278,Flash Earbuds,Earbuds,"Rs.4,499","Rs.13,999",68% OFF,4.87,55,Out of Stock,"White, Black, Blue","10 10 Sale, defence bestsellers, earbuds, Funday Sale, Monsoon 500",https://zerolifestyle.co/products/flash-earbuds
9738618241302,Wave Pro Earbuds,Earbuds,"Rs.4,999","Rs.14,999",67% OFF,4.87,2762,In Stock,"Flame Orange Black, Ivory Gray, Lilic Gray, Forest Green, Silver Metal","10 10 Sale, defence-earbuds, earbuds, Experience at Zero, Funday Sale, Hot deals, Influencer Video, Monsoon 500, sale, wave-pro",https://zerolifestyle.co/products/wave-pro
8566334816534,Z 811 Earbuds,Earbuds,"Rs.4,499","Rs.14,999",70% OFF,4.88,298,Out of Stock,"White, Jet Black","10 10 Sale, defence-earbuds, delivery, earbuds, Hot deals, Influencer Video",https://zerolifestyle.co/products/z811-earbuds
9601655537942,Carbon Earbuds,Earbuds,"Rs.3,499","Rs.14,499",76% OFF,4.79,3399,In Stock,"Black, Dark Green, Light Gray","10 10 Sale, defence-earbuds, earbuds, Hot deals, jinnah-sale, limited, sale, Summer 500",https://zerolifestyle.co/products/carbon-earbuds
9167921611030,Wave Earbuds,Earbuds,"Rs.3,999","Rs.14,999",73% OFF,4.83,1439,In Stock,"Blue, White, Brown, Silver Black","10 10 Sale, 11 11 Pair Two, earbuds, Funday Sale, Hot deals, Monsoon 500, sale, wave",https://zerolifestyle.co/products/wave-earbuds
8883277168918,Ninja Smartwatch,Smart Watch,"Rs.10,999","Rs.32,000",66% OFF,4.85,104,In Stock,"Camou Green, Camou Gray, Black, Green","10 10 Sale, Summer 2000",https://zerolifestyle.co/products/ninja-smart-watch
9661075390742,Thunder Earbuds,Earbuds,"Rs.4,999","Rs.14,999",67% OFF,4.6,5,Out of Stock,"Forest Green, Aqua Green, Jet Black, White","10 10 Sale, defence bestsellers, earbuds, Funday Sale",https://zerolifestyle.co/products/thunder
9140774240534,Quantum Earbuds,Earbuds,"Rs.5,999","Rs.19,999",70% OFF,4.86,794,In Stock,"Aurora Green, Blazing Red, Jet Black, Glacier Blue, Calm Beige","10 10 Sale, defence bestsellers, defence-earbuds, earbuds, Funday Sale, Hot deals, jinnah-sale, Monsoon 1000, sale, Summer 1000",https://zerolifestyle.co/products/quantum-earbuds
8707477045526,Revoltt Smartwatch,Smart Watch,"Rs.11,999","Rs.29,999",60% OFF,4.84,373,Out of Stock,"Gun Metal, Silver, Gold, Blue","10 10 Sale, defence bestsellers, defence watches, Hot deals, luxury, Monsoon 2000, platinum series products, revoltt, sale, Summer 2000",https://zerolifestyle.co/products/revolt-smart-watch
9647181431062,Elite Smartwatch,Smart Watch,"Rs.11,899","Rs.19,999",41% OFF,4.9,148,In Stock,"Starlight, Rose Gold, Black","10 10 Sale, Clearance, defence watches, elite, platinum series products, pre-order, smart watch, smart watch price in pakistan",https://zerolifestyle.co/products/elite-smart-watch
9647448752406,Rover Earbuds,Earbuds,"Rs.4,499","Rs.14,999",70% OFF,4.92,12,Out of Stock,"Forest Green, Aqua Green, White, Jet Black","10 10 Sale, earbuds, Funday Sale",https://zerolifestyle.co/products/rover
9646363934998,Phantom Pro Smartwatch,Smart Watch,"Rs.9,999","Rs.29,998",67% OFF,4.95,20,Out of Stock,"Magnetic Blue Orange, Magnetic Marsala Orange, Ocean Blue Orange, Ocean Gray Orange, Gray Nylon, Magnetic Black, Ocean Black Orange, Green Nylon, Black Nylon","10 10 Sale, Hot deals, phantom, smart watch, smart watch price in pakistan, smartwatch",https://zerolifestyle.co/products/phantom-pro-smart-watch
9418904338710,Vogue Smartwatch,Smart Watch,"Rs.17,999","Rs.35,999",50% OFF,4.9,49,In Stock,"Gold Blue, Black Gold, Black, Silver, Gold Black","10 10 Sale, defence watches, Hot deals, Influencer Video, luxury, Monsoon 2000, platinum series products, pre-order, premium-card, smartwatch",https://zerolifestyle.co/products/vogue-smartwatch
9614704443670,Royale Smartwatch,Smart Watch,"Rs.13,999","Rs.32,999",58% OFF,4.92,71,In Stock,"Titanium Silver, Golden Metal, Black Strap, Blue Strap, Black Metal","10 10 Sale, defence watches, Hot deals, Influencer Video, luxury, premium-card, royale, sale, smartwatch",https://zerolifestyle.co/products/royale-smartwatch
9037782712598,Nova Smartwatch,Smart Watch,"Rs.6,999","Rs.23,499",70% OFF,4.83,84,Out of Stock,"Black, Golden, Blue, Nova Gray, Jet Black, Rainbow","10 10 Sale, Funday Sale",https://zerolifestyle.co/products/nova-smart-watch
9571484631318,Delta Smartwatch,Smart Watch,"Rs.8,999","Rs.29,999",70% OFF,4.76,21,Out of Stock,"Black Gold, Masala Red, Gray Gun Metal","10 10 Sale, smartwatch",https://zerolifestyle.co/products/delta-smartwatch
9513929900310,Pixel Smartwatch,Smart Watch,"Rs.7,999","Rs.24,999",68% OFF,4.96,27,Out of Stock,"Rainbow Gold, Golden, Silver, Black","10 10 Sale, luxury, smartwatch",https://zerolifestyle.co/products/pixel-smartwatch
9418941661462,Infinity Smartwatch,Smart Watch,"Rs.8,999","Rs.23,499",62% OFF,4.93,29,Out of Stock,"Rose Gold, Silver, Black","10 10 Sale, defence watches, Hot deals, smartwatch",https://zerolifestyle.co/products/infinity-smartwatch
9337832866070,Astro Earbuds,Earbuds,"Rs.4,799","Rs.14,999",68% OFF,5.0,38,Out of Stock,"Jet Black, Forest Green, Mauve, Calm Beige","10 10 Sale, defence bestsellers, earbuds",https://zerolifestyle.co/products/astro-earbuds
9217381597462,Meta Smartwatch,Smart Watch,"Rs.6,999","Rs.19,999",65% OFF,4.84,87,Out of Stock,"Black, Silver, Rose Gold","10 10 Sale, sale, smartwatch, Summer 500",https://zerolifestyle.co/products/meta-smart-watch
9023797854486,Matrix Pro AMOLED Smart Watch,Smart Watch,"Rs.12,999","Rs.29,999",57% OFF,4.8,81,Out of Stock,"Forest Green, Gold, Misty Grey, Jet Black, Silver, Black",10 10 Sale,https://zerolifestyle.co/products/matrix-smart-watch
8739979919638,Drift Smart Watch,Smart Watch,"Rs.12,999","Rs.29,000",55% OFF,4.64,59,Out of Stock,"Orange, Red, Blue, Blue Gold, Green Gold, Gold Black, Black","10 10 Sale, Summer 2000",https://zerolifestyle.co/products/drift-smart-watch
